Designator,Quantity,Value,Footprint,Package,MPN,DNP,Mount_Type,Description,Sim.Device,Sim.Pins,Sim.Pin
"C1, C12, C2, C24, C29, C7, C9",7,22u 50V,CP_Radial_D5.0mm_P2.00mm,,,,tht,"[C7,C9]Unpolarized capacitor; [C24,C29]Polarized capacitor",,,
C10,1,10p,C_Disc_D10.5mm_W5.0mm_P7.50mm_TC,,,,tht,Unpolarized capacitor,,,
C11,1,3.3n,C_Rect_L16.5mm_W6.0mm_P15.00mm_MKT_TC,,,,tht,Unpolarized capacitor,,,
C13,1,10n,C_Rect_L11.0mm_W5.1mm_P10.00mm_MKT_TC,,,,tht,Unpolarized capacitor,,,
"C14, C19, C8",3,22n,C_Axial_L17.0mm_D6.5mm_P20.00mm_Horizontal_TC,,,,tht,Unpolarized capacitor,,,
"C15, C17",2,22n,C_Rect_L11.0mm_W5.1mm_P10.00mm_MKT_TC,,,,tht,Unpolarized capacitor,,,
"C18, C23, C25",3,22u 450V,CP_Radial_D12.5mm_P5.00mm,,,,tht,Polarized capacitor,,,
"C20, C21",2,47n,C_Axial_L19.0mm_D7.5mm_P25.00mm_Horizontal_TC,,,,tht,Unpolarized capacitor,,,
"C22, C4",2,100n,C_Axial_L22.0mm_D10.5mm_P27.50mm_Horizontal_TC,,,,tht,Unpolarized capacitor,,,
C27,1,100-470p,C_Disc_D10.5mm_W5.0mm_P7.50mm_TC,,,,tht,Unpolarized capacitor,,,
C3,1,250p,C_Disc_D10.5mm_W5.0mm_P7.50mm_TC,,,,tht,Unpolarized capacitor,,,
C5,1,47n,C_Axial_L17.0mm_D6.5mm_P20.00mm_Horizontal_TC,,,,tht,Unpolarized capacitor,,,
C6,1,470p,C_Disc_D7.5mm_W5.0mm_P7.50mm_TC,,,,tht,Unpolarized capacitor,,,
D1,1,UF4007,D_DO-41_SOD81_P7.62mm_Horizontal,,,,tht,Diode,D,1=K 2=A,
D2,1,Red,LED_D5.0mm,,,,tht,"Light emitting diode, small symbol",,,1=K 2=A
R10,1,6.8k,R_Axial_DIN0414_L11.9mm_D4.5mm_P15.24mm_Horizontal_TC,,,,tht,Resistor,,,
"R11, R14, R18, R4, R5",5,1.5k,R_Axial_DIN0414_L11.9mm_D4.5mm_P15.24mm_Horizontal_TC,,,,tht,Resistor,,,
"R12, R29, R33, R34",4,220k,R_Axial_DIN0414_L11.9mm_D4.5mm_P15.24mm_Horizontal_TC,,,,tht,Resistor,,,
"R13, R16, R20, R37, R39, R7, R8",7,100k,R_Axial_DIN0414_L11.9mm_D4.5mm_P15.24mm_Horizontal_TC,,,,tht,Resistor,,,
R15,1,3.3Meg,R_Axial_DIN0414_L11.9mm_D4.5mm_P15.24mm_Horizontal_TC,,,,tht,Resistor,,,
R17,1,470k,R_Axial_DIN0414_L11.9mm_D4.5mm_P15.24mm_Horizontal_TC,,,,tht,Resistor,,,
R19,1,47r,R_Axial_DIN0414_L11.9mm_D4.5mm_P15.24mm_Horizontal_TC,,,,tht,Resistor,,,
"R21, R23, R24, R31, R6",5,1Meg,R_Axial_DIN0414_L11.9mm_D4.5mm_P15.24mm_Horizontal_TC,,,,tht,Resistor,,,
R22,1,2.7k,R_Axial_DIN0414_L11.9mm_D4.5mm_P15.24mm_Horizontal_TC,,,,tht,Resistor,,,
R26,1,1k,R_Axial_DIN0414_L11.9mm_D4.5mm_P15.24mm_Horizontal_TC,,,,tht,Resistor,,,
"R27, R30",2,56k,R_Axial_DIN0414_L11.9mm_D4.5mm_P15.24mm_Horizontal_TC,,,,tht,Resistor,,,
"R28, R42",2,1k 1W,R_Axial_DIN0617_L17.0mm_D6.0mm_P20.32mm_Horizontal_TC,,,,tht,Resistor,,,
R35,1,10k,R_Axial_DIN0414_L11.9mm_D4.5mm_P15.24mm_Horizontal_TC,,,,tht,Resistor,,,
"R40, R41, R9",3,10k 1W,R_Axial_DIN0617_L17.0mm_D6.0mm_P20.32mm_Horizontal_TC,,,,tht,Resistor,,,
R46,1,100k 1W,R_Axial_DIN0617_L17.0mm_D6.0mm_P20.32mm_Horizontal_TC,,,,tht,Resistor,,,
R48,1,1r 1%,R_Axial_DIN0414_L11.9mm_D4.5mm_P15.24mm_Horizontal_TC,,,,tht,Resistor,,,
RV7,1,22k Lin,Potentiometer_Bourns_3296W_Vertical,,,,tht,Potentiometer,,,
TP1,1,BiasTP,TestPoint_Keystone_5005-5009_Compact,,,,tht,test point,,,
TP2,1,GND,TestPoint_Keystone_5005-5009_Compact,,,,tht,test point,,,
W1,1,FETB+,SolderWire_TC,,,,tht,test point,,,
W10,1,6V6Cathode,SolderWire_TC,,,,tht,test point,,,
W11,1,BassTop,SolderWire_TC,,,,tht,test point,,,
W12,1,Spk GND,SolderWire_TC,,,,tht,test point,,,
W13,1,1-3,SolderWire_TC,,,,tht,test point,,,
W14,1,BassBot,SolderWire_TC,,,,tht,test point,,,
W15,1,1-8,SolderWire_TC,,,,tht,test point,,,
W16,1,3-3,SolderWire_TC,,,,tht,test point,,,
W17,1,4-3,SolderWire_TC,,,,tht,test point,,,
W18,1,6V6B,SolderWire_TC,,,,tht,test point,,,
W19,1,NFBin,SolderWire_TC,,,,tht,test point,,,
W2,1,1-1,SolderWire_TC,,,,tht,test point,,,
W20,1,GNDFromInputJack,SolderWire_TC,,,,tht,test point,,,
W21,1,ToRevTX,SolderWire_TC,,,,tht,test point,,,
W22,1,RevProtectorGND,SolderWire_TC,,,,tht,test point,,,
W23,1,IntWiper,SolderWire_TC,,,,tht,test point,,,
W24,1,3-6,SolderWire_TC,,,,tht,test point,,,
W25,1,4-6,SolderWire_TC,,,,tht,test point,,,
W26,1,IntTop,SolderWire_TC,,,,tht,test point,,,
W27,1,IntBot,SolderWire_TC,,,,tht,test point,,,
W28,1,2-2,SolderWire_TC,,,,tht,test point,,,
W29,1,3-7,SolderWire_TC,,,,tht,test point,,,
W3,1,TrebTop,SolderWire_TC,,,,tht,test point,,,
W30,1,RevPotTop,SolderWire_TC,,,,tht,test point,,,
W31,1,SpeedPotTop,SolderWire_TC,,,,tht,test point,,,
W32,1,4-7,SolderWire_TC,,,,tht,test point,,,
W33,1,RevPotWiper,SolderWire_TC,,,,tht,test point,,,
W34,1,2-8,SolderWire_TC,,,,tht,test point,,,
W35,1,3-8,SolderWire_TC,,,,tht,test point,,,
W36,1,RevPotBot,SolderWire_TC,,,,tht,test point,,,
W37,1,SpeedPotBot,SolderWire_TC,,,,tht,test point,,,
W38,1,4-8,SolderWire_TC,,,,tht,test point,,,
W39,1,ACBiasIn,SolderWire_TC,,,,tht,test point,,,
W4,1,1-6,SolderWire_TC,,,,tht,test point,,,
W40,1,BToCapCanB,SolderWire_TC,,,,tht,test point,,,
W41,1,AToCapCanA,SolderWire_TC,,,,tht,test point,,,
W42,1,VibPedGND,SolderWire_TC,,,,tht,test point,,,
W43,1,RevPedalGND,SolderWire_TC,,,,tht,test point,,,
W44,1,GNDToCapCan,SolderWire_TC,,,,tht,test point,,,
W45,1,A'ToCapCanC,SolderWire_TC,,,,tht,test point,,,
W46,1,VibPedSig,SolderWire_TC,,,,tht,test point,,,
W5,1,3-1,SolderWire_TC,,,,tht,test point,,,
W6,1,4-1,SolderWire_TC,,,,tht,test point,,,
W7,1,6V6A,SolderWire_TC,,,,tht,test point,,,
W8,1,3-2,SolderWire_TC,,,,tht,test point,,,
W9,1,4-2stop,SolderWire_TC,,,,tht,test point,,,
